<?xml version="1.0" encoding="UTF-8" standalone="yes"?>
<addon id="plugin.program.DWBwizard" name="DWB Wizard" version="1.0" provider-name="Dirty Water Brewing">
  <requires>
    <import addon="xbmc.python" version="2.1.0"/>
  </requires>
  <extension point="xbmc.python.pluginsource" library="default.py">
    <provides>executable</provides>
  </extension>
  <extension point="xbmc.service" library="startup.py" start="startup" />
  <extension point="xbmc.addon.metadata">
    <summary lang="en">DWB Wizard</summary>
    <description lang="en">DWB Wizard allows you to get access to the latest DWB Custom Builds.</description>
    <platform>all</platform>
  </extension>
</addon>